Message ID,LLM Response,Inference Time (seconds),Throughput (tokens/second),Model Loading Time (seconds),Load Time (ms),Sample Time (ms),Sample Runs,Sample Throughput (tokens/second),Prefill Time (ms),Prefill Tokens,Prefill Throughput (tokens/second),Decode Time (ms),Decode Runs,Decode Throughput (tokens/second),Total Time (ms),Total Tokens,Timestamp
0,"Determining a ""good lucky number"" can vary based on cultural, personal, or even whimsical beliefs. Here are a few popular choices:

1. **7**: In many cultures, including Western and some Eastern traditions, the number 7 is considered lucky. It's often associated with completeness and perfection.

2. **8**: In Chinese culture, the number 8 is highly auspicious because it sounds similar to the word for wealth (""fa"") in Mandarin. It's often associated with prosperity and wealth.

3. **4**: In some Western cultures, particularly in the United States, the number 4 is considered unlucky because it sounds similar to the word for ""death"" in some dialects. However, in other cultures, like in Japan, the number 4 is associated with stability and balance.

4. **9**: In some cultures, the number 9 is seen as a lucky number, often because it's",51.894928216934204,2.7555679314599506,2.12257719039917,3699.33,26.38,200,7580.35,3698.89,18,4.87,47785.32,199,4.16,51891.13,217,2024-10-18 14:39:42
1,"The ubiquity of Fibonacci numbers in both mathematics and the real world can be attributed to several key factors:

1. **Simplicity and Growth**: The Fibonacci sequence is defined by the recurrence relation \( F(n) = F(n-1) + F(n-2) \) with initial conditions \( F(0) = 0 \) and \( F(1) = 1 \). This simplicity and the nature of its growth (exponential) make it a fundamental building block in various mathematical contexts.

2. **Self-Similarity and Scaling**: The Fibonacci sequence exhibits self-similarity, meaning that the ratio of consecutive Fibonacci numbers approaches the golden ratio (\(\phi \approx 1.618\)), a fundamental constant in mathematics. This ratio appears in many natural and man-made structures due to its efficiency in packing and growth patterns.

3. **Nature and Biology**: The Fibonacci sequence appears in the branching of trees",54.020471811294556,2.7582135994755825,2.12257719039917,3699.33,37.01,200,5403.36,3260.71,25,7.67,50292.15,199,3.96,53989.8,224,2024-10-18 14:40:36
2,"The Lenovo ThinkPad (P1 Gen 2) supports M.2 SSD drives with a standard form factor, which typically has a thickness of around 3.35mm. This dimension is often referred to as the ""SO-DIMM"" format for SSDs.

Given this standard thickness, a 3.58mm M.2 SSD would generally not fit into a ThinkPad (P1 Gen 2) without causing compatibility issues or physical interference. The design of the ThinkPad (P1 Gen 2) is optimized for M.2 SSDs that adhere to the standard form factor of 3.35mm.

To ensure compatibility and proper functioning, it's recommended to use M.2 SSDs that conform to the standard thickness of 3.35mm. This will guarantee that the SSD fits correctly within the device and operates efficiently.",47.303266286849976,2.980766679936374,2.12257719039917,3699.33,28.98,175,6039.27,5801.81,45,7.76,41155.67,174,4.23,47294.64,219,2024-10-18 14:41:23
3,"Certainly! Let's begin our chess match. As Black, I will respond with the following move:

1. ... e5

This is the Sicilian Defense, a popular opening that allows for a strong central presence and the potential for active piece play. How will you continue as White?",19.837244033813477,3.4278955223866245,2.12257719039917,3699.33,12.07,62,5137.98,4729.09,34,7.19,14989.12,61,4.07,19836.91,95,2024-10-18 14:41:43
4,"In the golden sands where Sandy stands,
With shells so grand, her stall does expand.
The sun's rays kiss her wares with a gleam,
As buyers stream, they're drawn by the dream.

""Sandy's shells, so shiny and bright,
A treasure trove, a sight to delight.""
Her collection, a mosaic of hues,
From the depths of the ocean, it's true.

The laughter of children, their eyes aglow,
As they pick out treasures, shells to keep.
The sea breeze whispers, Sandy's heart it swells,
With the joy of her business, it tells.

The shells, they shine, a myriad of sorts,
From the coral reefs, to the ocean's ports.
Sandy's booth, a haven of shells,
Where the sea's secrets, they all tell.

With each sale, Sandy's spirit soars,
Her business thrives, in the coastal shores.
The shells, they speak, of",54.539788246154785,3.28200760868594,2.12257719039917,3699.33,31.59,200,6330.32,7450.25,57,7.65,46691.34,199,4.26,54528.2,256,2024-10-18 14:42:37
5,"That's great to hear about your interest in linguistics! Here are some ways to build a solid foundation in the field without formal university education:

1. **Read Widely**: Start with foundational texts in linguistics. Books like ""Linguistics: An Introduction"" by Peter Ladefoged and William Rodney, or ""Language: Its Structure and Use"" by Bernhard Bloch and Charles Heitz, can provide a good overview.

2. **Online Courses**: Platforms like Coursera, edX, and Udemy offer courses on linguistics from beginner to advanced levels. Look for courses from reputable institutions or instructors.

3. **Language Learning**: Immersing yourself in different languages can deepen your understanding of linguistics. Try learning a language using methods like the ""Teach Yourself"" series or Duolingo.

4. **Language Communities**: Join language learning communities or forums like Reddit's r/languagelearning or Stack Exchange's",54.25678873062134,2.9489397316597823,2.12257719039917,3699.33,34.22,200,5845.22,5514.41,41,7.44,48313.58,199,4.12,54238.05,240,2024-10-18 14:43:31
6,"Starting a conversation with a stranger can feel daunting, but it's often a rewarding experience. Here are some tips to help you initiate an interesting conversation with someone you've just met, such as on a plane:

1. **Comment on the Environment**: Since you're both in a shared space, start with something about the environment. For example, you could comment on the weather, the view, or the food being served.

   - ""This weather is quite something, isn't it? It's been quite a mix lately.""
   - ""I love the view from here. Have you noticed the sunset?""

2. **Ask Open-Ended Questions**: Open-ended questions are great for starting a conversation because they require more than a yes or no answer, encouraging the other person to share more about themselves.

   - ""What brings you to [destination]?""
   - ""Do you have any favorite places to visit here?""

3. **Share a Personal Story**: Sometimes,",53.99980688095093,3.1851965763358137,2.12257719039917,3699.33,35.51,200,5632.53,4615.32,34,7.37,48965.07,199,4.06,53992.86,233,2024-10-18 14:44:25
7,"The phenomenon you're describing is related to the process of nucleation in freezing. Here's a detailed explanation:

1. **Nucleation**: When a substance cools down, it eventually reaches a point where the molecules start to slow down and arrange themselves into a more ordered structure. In the case of water, this transition from liquid to solid (ice) is called freezing. However, not all water molecules can simply align themselves in a crystalline structure all at once. Some molecules need to serve as starting points for the formation of a new solid structure, which are called nucleation sites.

2. **Supercooling**: When you put a water bottle in the freezer, the water can supercool to temperatures slightly below its freezing point (0°C or 32°F) without freezing. This happens because, without nucleation sites, the water molecules don't have a stable structure to form ice around. Supercooling can occur because the water is being cooled very",55.57119131088257,3.4010427982850877,2.12257719039917,3699.33,36.15,200,5532.35,6222.8,48,7.71,48922.17,199,4.07,55564.89,247,2024-10-18 14:45:21
